0.29418439024312804	0	0.2941841445870317
0.10812454057915577	0	0.10812445553005912
0.04682448384303761	0	0.04682440062269322
0.023814286782450234	0	0.0238143050218782
0.014008470965326758	0	0.014008409307102454
0.00914302663209332	0	0.009143030101216088
0.006617833671692441	0	0.006617811053920786
0.005092057702963171	0	0.005092011095229276
0.004031285705724308	0	0.004031258976572083
0.003350287175475808	0	0.0033502986327607065
0.0027851268793275263	0	0.0027850470703804087
0.0024520574188887645	0	0.0024520982972336958
0.002172804271801887	0	0.002172847612526674
0.001887004330880404	0	0.001886984603125974
0.0016580763705122403	0	0.0016580987476113584
0.0015624894701331549	0	0.0015624828699263293
0.0014049855511659715	0	0.00140497982203458
0.0013166097002835775	0	0.00131662673930788
0.0012382322322738726	0	0.0012382345218127089
0.0011306811567949326	0	0.0011306869343636616
0.0010463062628329328	0	0.0010463249237168716
0.0009774643587482403	0	0.0009774288489319861
0.0009269656966508361	0	0.0009269795338602144
0.0008732565287912011	0	0.0008732354171137463
0.0007786645637636452	0	0.0007786740254141639
0.0007178349362224612	0	0.0007178505053554024
0.0006846544535143995	0	0.0006846598820678396
0.0006581707603584841	0	0.0006581632879853888
0.0006308496671686981	0	0.0006308374055946642
0.0005851157407636039	0	0.0005851222790991019
0.0005487750167762701	0	0.0005487676772734313
0.0005048847476967003	0	0.0005048571909658352
0.0004719265230838116	0	0.00047195050231675813
0.0004480083166595941	0	0.0004480246746509462
0.0004187342055553484	0	0.00041873207407578956
0.00040801567465580113	0	0.00040801980467578425
0.00039148886498644787	0	0.00039148994174513486
0.0003893462206361932	0	0.00038934067254325173
0.0003707197187695953	0	0.0003707130036785795
0.000362331267453349	0	0.0003623177562716237
0.0003524822234564091	0	0.0003525070000050007
0.0003373758485971561	0	0.0003373793116889835
0.00033422641605520415	0	0.00033423216236027416
0.0003196237622652195	0	0.00031962230371097096
0.0003028761216265635	0	0.00030286777885819697
0.0002782979955274255	0	0.00027830136878624124
0.00026242597017166885	0	0.0002624190866062257
0.00024857369804070703	0	0.0002485637989162253
0.00024525676518348527	0	0.0002452690073817545
0.00024165628056606412	0	0.0002416640088038996
0.00022105846245079955	0	0.00022105931080421506
0.00021649565316007174	0	0.00021649440420361266
0.00019510810872147306	0	0.00019510778284968517
0.00019568308793154344	0	0.00019568284737604864
0.0001954028940859805	0	0.00019539872679002427
0.00019181680257026896	0	0.00019181464043785922
0.00019092363518118972	0	0.00019091052662083795
0.00017852427318373193	0	0.0001785106456113194
0.0001651923126136318	0	0.00016517609412166918
0.00015416546365754416	0	0.00015417351748670764
0.00016506187579979487	0	0.00016506154521521085
0.0001514267137627224	0	0.00015142115381095692
0.0001454563689427383	0	0.0001454681824314321
0.00013972564108182293	0	0.0001397278638900388
0.00013729449423031584	0	0.0001373040027649985
0.00014620955474173265	0	0.00014620725334017
0.00014540192960436	0	0.0001453966482061564
0.00013579701099663226	0	0.00013578021967309032
0.0001365921099957175	0	0.0001365926844246652
0.00014275447561223724	0	0.0001427507007530516
0.00014289490832659836	0	0.00014289353294743277
0.00013324338820546009	0	0.00013324996149582263
0.00013491913458204868	0	0.00013491991631671787
0.00012659740352838887	0	0.00012659842050693104
0.00011473144353475523	0	0.00011473508708266912
0.00010572117780685412	0	0.00010573191562305304
0.00010407304515233748	0	0.00010407058644092159
0.00010041387671816241	0	0.0001004097556192463
9.338587734781189E-05	0	9.339266895862079E-05
9.48653404310872E-05	0	9.486392120627981E-05
9.486168786058811E-05	0	9.485826431442296E-05
0.000100903027739739	0	0.00010089895870210347
9.434323128166091E-05	0	9.43402877112223E-05
9.447438237034371E-05	0	9.447841292956516E-05
9.426344042342259E-05	0	9.426500494118706E-05
0.00010387616295636924	0	0.00010388068248583693
0.00011313648332656606	0	0.0001131321920299945
0.00010671118725054905	0	0.0001067094753344263
0.00010928461381120831	0	0.00010929984600721284
0.00010830465672109237	0	0.00010829750997047105
0.00010840973193692785	0	0.0001084217062000156
0.00010866864680985239	0	0.00010866718776237684
0.00010438315028118034	0	0.00010437936441110279
9.417901915579832E-05	0	9.417270436254226E-05
8.876293315765389E-05	0	8.875407296858183E-05
8.607790296349173E-05	0	8.608202132109563E-05
8.190125601763152E-05	0	8.189762382216303E-05
8.016753222938168E-05	0	8.016549257818369E-05
7.059702746740556E-05	0	7.059868391426604E-05
7.148434082191433E-05	0	7.148361391958884E-05
6.1202977665759E-05	0	6.120359945630856E-05
6.452771692594947E-05	0	6.452762760602513E-05
6.811652313879325E-05	0	6.811176709060532E-05
6.077178389638893E-05	0	6.0765902273056404E-05
6.72363151155332E-05	0	6.723263137631388E-05
6.132607410129552E-05	0	6.132269569477674E-05
6.037038207284452E-05	0	6.037195044768549E-05
5.992190033094673E-05	0	5.9921203424488786E-05
6.138614523415996E-05	0	6.137676928327052E-05
5.734417901647837E-05	0	5.734267818300649E-05
5.362944794416833E-05	0	5.3625476359963535E-05
4.945591483924083E-05	0	4.945949001556655E-05
4.77944476840053E-05	0	4.7798809813132776E-05
5.06891299128315E-05	0	5.0682938019513924E-05
5.508416339481813E-05	0	5.5082770522464164E-05
4.831268353748541E-05	0	4.830319219178465E-05
4.610040703914586E-05	0	4.610387070281332E-05
4.218998818120861E-05	0	4.219396717917127E-05
3.956763458696675E-05	0	3.957331748254269E-05
4.0548288829308295E-05	0	4.0549322289467704E-05
4.009377379368348E-05	0	4.009908358753282E-05
3.9428985992132006E-05	0	3.943495067561519E-05
3.797927043919247E-05	0	3.798076787592085E-05
4.015142860064596E-05	0	4.014962309799487E-05
3.76209820198652E-05	0	3.761301045244943E-05
3.644245334959173E-05	0	3.6450673694586654E-05
3.6933025346047046E-05	0	3.6933116884812925E-05
3.8517814130372015E-05	0	3.851448202332053E-05
4.170611433208565E-05	0	4.171144920352496E-05
4.0489714059917747E-05	0	4.0494906253641055E-05
3.9046560108610255E-05	0	3.9050830634385655E-05
3.771350435987622E-05	0	3.771811262901203E-05
3.4936851754495337E-05	0	3.4935948579452715E-05
3.433860881411476E-05	0	3.433088606837666E-05
3.394347345706862E-05	0	3.39379399763602E-05
3.1224689118937205E-05	0	3.122437360982439E-05
3.4009076891125295E-05	0	3.400474069815458E-05
3.6115590834085516E-05	0	3.611172082310278E-05
3.7120789240326925E-05	0	3.711655220626451E-05
3.857532705432221E-05	0	3.857318412856149E-05
3.861260771337684E-05	0	3.860750119752317E-05
3.938802504305694E-05	0	3.938582639456944E-05
3.6973201535124025E-05	0	3.6971137580865383E-05
3.521686510396559E-05	0	3.52170666041742E-05
3.111419524334661E-05	0	3.1114919927071694E-05
2.9131283741325143E-05	0	2.913434469037292E-05
2.949814035785428E-05	0	2.9499256035413896E-05
3.1708169839609745E-05	0	3.170540283383306E-05
3.5752805140868316E-05	0	3.5753722360244884E-05
3.416923831404468E-05	0	3.4168818253651687E-05
3.217046421466241E-05	0	3.216837540634919E-05
2.995804849838707E-05	0	2.9953357679748764E-05
2.9662862307811976E-05	0	2.9664247061352705E-05
2.8403728640583016E-05	0	2.8406382379314327E-05
2.7803976504765413E-05	0	2.780293396534143E-05
2.9923801423578438E-05	0	2.9923009650767657E-05
3.0535466957354286E-05	0	3.053768901912818E-05
3.361459655030786E-05	0	3.361855684452927E-05
3.9286130737475075E-05	0	3.928361674413491E-05
4.290865004863165E-05	0	4.291097120850333E-05
4.4084263573550416E-05	0	4.4085504037964926E-05
4.018006951217245E-05	0	4.0176883616790905E-05
3.453918830341343E-05	0	3.454022755459437E-05
2.835146765313765E-05	0	2.835877665979819E-05
2.3669755071453367E-05	0	2.3672774205590885E-05
2.3726693519699794E-05	0	2.37251502679392E-05
2.3815602546273294E-05	0	2.3810910751119463E-05
2.1888814277168823E-05	0	2.1887389970846362E-05
2.007594330049727E-05	0	2.0077195281992255E-05
2.047009614207447E-05	0	2.047044646545216E-05
2.0066400353253215E-05	0	2.006726116298743E-05
2.1206376421773105E-05	0	2.120840694954568E-05
2.4861294914542865E-05	0	2.486405623394404E-05
2.4001062365148747E-05	0	2.400113856206814E-05
2.3167595282732603E-05	0	2.3170707638945376E-05
2.328684228508957E-05	0	2.328372399353205E-05
1.970101595840198E-05	0	1.97001984754957E-05
1.77802661363912E-05	0	1.7781567338805856E-05
1.96410609912782E-05	0	1.9638227708631252E-05
1.612703615991594E-05	0	1.6130655169954377E-05
1.746602298830581E-05	0	1.7464310288728773E-05
1.4577910442760726E-05	0	1.4579353930108349E-05
1.9156565812241506E-05	0	1.9156868654877633E-05
2.088604173875803E-05	0	2.0884727082982904E-05
2.0561314088320397E-05	0	2.055997289503437E-05
2.0434000531194014E-05	0	2.0435029921359746E-05
2.1252687505800207E-05	0	2.1256636464202415E-05
2.1822223894880672E-05	0	2.1824554855512393E-05
2.086627749413344E-05	0	2.0864315679654084E-05
2.2852770534608033E-05	0	2.285123567019339E-05
2.298056962523541E-05	0	2.2983261294159358E-05
2.272420892494685E-05	0	2.2724102968139028E-05
2.2283074074140867E-05	0	2.227656272117707E-05
1.8767110368661793E-05	0	1.876502704331423E-05
1.75899842827408E-05	0	1.7593776353115264E-05
2.0269263872937503E-05	0	2.0272739888563623E-05
2.2118050563159624E-05	0	2.211613948202054E-05
2.628203499545806E-05	0	2.6283858702963992E-05
2.1844817882805403E-05	0	2.184039321381804E-05
2.0191404605886308E-05	0	2.0187766000244424E-05
1.7087566314951633E-05	0	1.708710039331155E-05
1.6510492206381572E-05	0	1.650905323719292E-05
1.683416544197904E-05	0	1.6831240375874508E-05
1.638494521518085E-05	0	1.638250120573263E-05
1.677821593565077E-05	0	1.6778819457818504E-05
1.4137926118536735E-05	0	1.4140388418305058E-05
1.133667705032653E-05	0	1.1334205533845637E-05
1.0681223674942407E-05	0	1.0679494787007627E-05
1.0219809522911275E-05	0	1.0219459298815511E-05
9.827396812017285E-06	0	9.828590654932057E-06
9.346186112741892E-06	0	9.344451789736424E-06
9.199365013179504E-06	0	9.199232265996737E-06
8.099037055842029E-06	0	8.100465508821032E-06
9.370455268400968E-06	0	9.368678678402427E-06
1.0466581887376598E-05	0	1.0471223229039002E-05
1.0852017890528899E-05	0	1.0853823671689623E-05
9.94153206393747E-06	0	9.939044817377553E-06
9.541409401349257E-06	0	9.538263336551962E-06
9.771120776414476E-06	0	9.767217171383947E-06
9.665163554570776E-06	0	9.660369517565566E-06
8.508606940270565E-06	0	8.506307263468117E-06
8.39732094829685E-06	0	8.39660952946746E-06
7.5450735272173785E-06	0	7.5469010628374474E-06
8.565252005769642E-06	0	8.564189392541168E-06
8.832029502965242E-06	0	8.830624467754506E-06
8.640934403368996E-06	0	8.640994428795736E-06
9.118732315539389E-06	0	9.118936709314569E-06
8.484434756112196E-06	0	8.484525673796873E-06
7.967943108735422E-06	0	7.967514918472065E-06
7.797301927485543E-06	0	7.800759843264616E-06
7.47899731889717E-06	0	7.4783260261360456E-06
6.70301861574853E-06	0	6.70366052702337E-06
6.003930037486779E-06	0	6.001502574270068E-06
7.689070331270932E-06	0	7.688097487877903E-06
6.6713336246044825E-06	0	6.672154628656606E-06
7.528022694489869E-06	0	7.527732619725801E-06
7.559619151835785E-06	0	7.5551257754730085E-06
7.04105454451035E-06	0	7.04038711100307E-06
8.03010876275598E-06	0	8.02957150254337E-06
7.101286259056849E-06	0	7.100521737970491E-06
7.166103823871882E-06	0	7.164442492439487E-06
7.261713035688596E-06	0	7.26241138967375E-06
6.804407981737164E-06	0	6.802399269384733E-06
6.44959553867063E-06	0	6.449891473337863E-06
6.460334013955399E-06	0	6.461002512196808E-06
6.93830855445581E-06	0	6.938485794555848E-06
6.87988351407375E-06	0	6.87937675220761E-06
6.552499226335348E-06	0	6.553149568767002E-06
6.794737328967701E-06	0	6.793406492404191E-06
5.699646885796951E-06	0	5.701251890808496E-06
6.036001081706618E-06	0	6.0365764703242835E-06
5.918132726923575E-06	0	5.918240359835544E-06
5.966965537249373E-06	0	5.968524443533652E-06
5.08336965785762E-06	0	5.082402483506216E-06
4.249362070041923E-06	0	4.247476848141948E-06
4.590579145065084E-06	0	4.592628508450294E-06
4.818210266478891E-06	0	4.817830954675407E-06
5.55477620941343E-06	0	5.5535365937433895E-06
4.432107736845013E-06	0	4.431452713684139E-06
4.9763441742815915E-06	0	4.976859587668529E-06
5.868738344226923E-06	0	5.868072313228395E-06
4.595365852847616E-06	0	4.595387699174284E-06
4.52154639626434E-06	0	4.5194078318537665E-06
4.475510062064078E-06	0	4.4751638204159326E-06
3.614482306157343E-06	0	3.6125664174406253E-06
3.578869462604736E-06	0	3.5795605046113938E-06
2.9107550754429914E-06	0	2.9089512287234815E-06
3.571785276511091E-06	0	3.5723861643992033E-06
2.984105146470453E-06	0	2.985072290587903E-06
2.8655595716940013E-06	0	2.865215077048355E-06
2.9479256951705796E-06	0	2.9457732203606976E-06
3.201902404239426E-06	0	3.2023291152963773E-06
3.2678186824249607E-06	0	3.2665945366975213E-06
3.416802556013626E-06	0	3.415487354081943E-06
3.873778762361396E-06	0	3.87208403348165E-06
3.2335846738777273E-06	0	3.233229417360002E-06
3.5364540192526963E-06	0	3.535455257717469E-06
3.458080726098786E-06	0	3.456628251156436E-06
4.308892617790189E-06	0	4.311494236698178E-06
3.5603298978986037E-06	0	3.560103263077288E-06
3.574732001241851E-06	0	3.575169389457612E-06
3.7031558565402134E-06	0	3.702175420276842E-06
4.847971105913446E-06	0	4.846289385123748E-06
4.40265895726823E-06	0	4.401363960997043E-06
6.049117397046453E-06	0	6.049398531472576E-06
6.297457618673801E-06	0	6.2977062625653554E-06
6.254039967988146E-06	0	6.251395374463561E-06
5.647900602028183E-06	0	5.6478705234596954E-06
5.589195350510579E-06	0	5.588790591360391E-06
4.30782121476226E-06	0	4.306637976960956E-06
3.7650113295581433E-06	0	3.7638453521626172E-06
4.406746099723004E-06	0	4.406866872776725E-06
3.4112319256618742E-06	0	3.4104538138905152E-06
3.7228501776074077E-06	0	3.722773087597522E-06
4.033778168874465E-06	0	4.034653652614493E-06
4.8356580688157114E-06	0	4.836013297987798E-06
4.2666157019333965E-06	0	4.265456158895041E-06
4.324972564026053E-06	0	4.32379479340506E-06
4.0333442547972696E-06	0	4.030944177498528E-06
5.627257393868825E-06	0	5.626508444440796E-06
5.372089667430831E-06	0	5.372299255716414E-06
5.187172208342668E-06	0	5.187273739413166E-06
5.84028465262028E-06	0	5.8401762365659885E-06
5.245577013916107E-06	0	5.246546438919541E-06
4.705820353276659E-06	0	4.70586469078824E-06
3.603303913142725E-06	0	3.6015067869601025E-06
3.1276108999960753E-06	0	3.1272844062348493E-06
3.332913928861614E-06	0	3.3320211398848065E-06
3.2086935002203446E-06	0	3.2100178027920823E-06
2.874980007295082E-06	0	2.8739098836331437E-06
2.509373868795012E-06	0	2.5113222378570746E-06
2.771317714302503E-06	0	2.7703578208856353E-06
2.7967760192623096E-06	0	2.797753587631066E-06
3.187937668567122E-06	0	3.188824672535281E-06
4.326645505112929E-06	0	4.324670726959048E-06
6.611615632996304E-06	0	6.611001335752643E-06
7.213780055762009E-06	0	7.213817082232278E-06
6.16790264139442E-06	0	6.167804517952593E-06
6.10946243170471E-06	0	6.110417267396831E-06
5.224547968874123E-06	0	5.225687850616775E-06
5.578923791972612E-06	0	5.5805567210682095E-06
4.472158688346474E-06	0	4.471583655788283E-06
4.9298443768192035E-06	0	4.9288576147702334E-06
4.473878038338715E-06	0	4.473170959656489E-06
3.945160034192485E-06	0	3.942550420922054E-06
3.834332014077124E-06	0	3.833342692818366E-06
4.1481771834179365E-06	0	4.150362292433378E-06
4.829645891052262E-06	0	4.828438898426461E-06
6.075669558820197E-06	0	6.075743284858547E-06
6.3692206429058484E-06	0	6.3687735786953814E-06
7.036054688166517E-06	0	7.0345224680430055E-06
7.547716483733563E-06	0	7.5465803789623765E-06
7.627206965808708E-06	0	7.625941323209141E-06
6.570676099611206E-06	0	6.572915492870414E-06
5.196249628313526E-06	0	5.1970080579813904E-06
5.385611537175178E-06	0	5.384980698937465E-06
5.403250687478767E-06	0	5.404707585124531E-06
4.806540191928943E-06	0	4.807306508492805E-06
4.4764362401939276E-06	0	4.4755642862732395E-06
5.022038305938642E-06	0	5.021329524202919E-06
4.731462787937318E-06	0	4.728658978115686E-06
4.770526488758267E-06	0	4.770442601538885E-06
4.05957713160471E-06	0	4.059188621788866E-06
4.3808634513627185E-06	0	4.377862767855113E-06
4.243808558991591E-06	0	4.24461823706775E-06
3.0476163674457435E-06	0	3.046732422710464E-06
2.5017358816423196E-06	0	2.502760085799406E-06
1.7402089478313343E-06	0	1.7388984882240233E-06
1.5544802600235552E-06	0	1.553408398279933E-06
1.2412481855414784E-06	0	1.241286353386936E-06
1.6910546488946299E-06	0	1.6905088121915907E-06
1.6556851692856034E-06	0	1.6558029611675918E-06
1.3338995993091712E-06	0	1.3328486365106668E-06
1.3897551390913091E-06	0	1.3888095607246715E-06
1.7782941087070292E-06	0	1.777333457918999E-06
1.4951250216586193E-06	0	1.494196880943131E-06
1.4835072698288296E-06	0	1.4840171375765155E-06
1.5425495988163201E-06	0	1.541363454424466E-06
1.327144545827533E-06	0	1.3268574712332394E-06
1.3325476341027181E-06	0	1.3318259799696198E-06
1.0918852390835818E-06	0	1.092452799924626E-06
1.2158407810521424E-06	0	1.214888409142563E-06
1.126778193538203E-06	0	1.1263102270200735E-06
1.2408018996122594E-06	0	1.2404761322634531E-06
1.386162463087176E-06	0	1.3856901486581264E-06
1.012711452110654E-06	0	1.0119594360586304E-06
1.0742804318168708E-06	0	1.0744889028158522E-06
1.2176135795564924E-06	0	1.2165222993737912E-06
1.2539156579692567E-06	0	1.2532847814739523E-06
1.2287779387019915E-06	0	1.2287693204377404E-06
1.3499804865750586E-06	0	1.3494453735879886E-06
1.30918222298812E-06	0	1.3084365876098636E-06
1.544116872514295E-06	0	1.5444397860659331E-06
1.4413855187293823E-06	0	1.4407708228187277E-06
2.0328779131127683E-06	0	2.032286154257147E-06
2.117888790408723E-06	0	2.1170097974693614E-06
2.6767374375590014E-06	0	2.6770572492862865E-06
2.085843502915713E-06	0	2.086889288784911E-06
1.9207473013448106E-06	0	1.9212109830990987E-06
1.9540227015300837E-06	0	1.9541018843794345E-06
1.5074449301703818E-06	0	1.5067030041443952E-06
1.7143837129883488E-06	0	1.7113209958613995E-06
2.153888237817897E-06	0	2.154515817245396E-06
2.4131166321099407E-06	0	2.41299650998399E-06
1.4432800523427047E-06	0	1.4424771819699267E-06
1.4234287099949838E-06	0	1.4237703066988694E-06
9.156039281719985E-07	0	9.157911870417046E-07
9.556145959647988E-07	0	9.549492971433937E-07
9.809854588059552E-07	0	9.808882045542655E-07
9.573843206232835E-07	0	9.560005461756627E-07
8.83340952339412E-07	0	8.841163743939407E-07
8.559695508468523E-07	0	8.563947991225185E-07
7.764222793131548E-07	0	7.765447100955181E-07
1.2451319267821944E-06	0	1.2455168970688002E-06
1.0667284324852085E-06	0	1.0663459292842748E-06
1.0108559109730294E-06	0	1.0097913715251716E-06
9.468414783571962E-07	0	9.463126073494988E-07
1.3600747497501727E-06	0	1.359808618922782E-06
1.2527581779830498E-06	0	1.2520901240870475E-06
1.804324410829795E-06	0	1.8032082338604216E-06
2.6467542224267292E-06	0	2.6463660730226724E-06
4.064852819053678E-06	0	4.0640594348768E-06
5.424346324844854E-06	0	5.425606208622942E-06
5.336592953407394E-06	0	5.334258858033004E-06
5.005516175109149E-06	0	5.002701272066774E-06
3.538192136981434E-06	0	3.5386182600844374E-06
3.3166028395425606E-06	0	3.314749885857161E-06
2.9157319132069436E-06	0	2.9148371927296035E-06
4.666410081577378E-06	0	4.6652063861953486E-06
3.9146010085810545E-06	0	3.915970577630424E-06
4.398106410172199E-06	0	4.397956423355016E-06
5.173366510757968E-06	0	5.17431836807061E-06
4.285456605115185E-06	0	4.286033828825909E-06
4.870799288230572E-06	0	4.869442166132766E-06
3.7444733307293986E-06	0	3.7414097530991575E-06
2.685534382437056E-06	0	2.6851857363225273E-06
3.2356600656875244E-06	0	3.234717020397283E-06
2.2477710950056986E-06	0	2.2472919760459687E-06
3.835507850427069E-06	0	3.8379977161782E-06
4.403963069465151E-06	0	4.4036907525574665E-06
3.2508088402903156E-06	0	3.2489811657066448E-06
3.0884887882102596E-06	0	3.087728604236385E-06
2.295670902524539E-06	0	2.2944897779072116E-06
3.157967362306521E-06	0	3.158571010341779E-06
2.359159220912668E-06	0	2.3574546997530877E-06
3.2701971033703963E-06	0	3.271817660399298E-06
2.92241166914369E-06	0	2.9197612323154E-06
3.5101296507178675E-06	0	3.5088145397741658E-06
3.8129087367216787E-06	0	3.8130174957547625E-06
3.873905114312867E-06	0	3.874600850628702E-06
5.56478731433027E-06	0	5.565818875174014E-06
5.869023933077885E-06	0	5.8712251422824335E-06
4.037911875482162E-06	0	4.036879836555676E-06
5.952041449417507E-06	0	5.952853253989043E-06
7.484009038834878E-06	0	7.488658162185119E-06
7.511201445855415E-06	0	7.51037609259404E-06
7.56473747861512E-06	0	7.56102289193179E-06
6.58406009445482E-06	0	6.586511950239249E-06
9.580313994600421E-06	0	9.575074081302076E-06
8.845716351860806E-06	0	8.848886093826291E-06
8.280254827568818E-06	0	8.279917206399136E-06
8.542914965153177E-06	0	8.53940473958208E-06
9.23257087511657E-06	0	9.23934975772205E-06
7.738020887778458E-06	0	7.735324747506535E-06
6.1452783442779E-06	0	6.147680074950802E-06
4.618919565158681E-06	0	4.615655560159294E-06
4.749979782320236E-06	0	4.750714084700476E-06
6.096819939566253E-06	0	6.0969581919038365E-06
6.754497454079756E-06	0	6.75518229863761E-06
9.474583846100356E-06	0	9.467431789345418E-06
8.684498408889586E-06	0	8.682715286422252E-06
9.82906357639853E-06	0	9.831496698183364E-06
7.870190237673587E-06	0	7.869779218216456E-06
6.9337160132985475E-06	0	6.935421171338542E-06
6.141960339608272E-06	0	6.146189805966197E-06
5.337014835495686E-06	0	5.337070662211386E-06
5.5993394298063225E-06	0	5.600985019426675E-06
5.504865284077605E-06	0	5.5052927835691945E-06
5.407698659206468E-06	0	5.40521399638121E-06
5.659986912165361E-06	0	5.6564161837519456E-06
4.6071021511495235E-06	0	4.6061943281045415E-06
5.930752584101069E-06	0	5.9299665680962355E-06
6.935655564262828E-06	0	6.938442524006595E-06
9.360553681705226E-06	0	9.357243013796192E-06
9.135380524227755E-06	0	9.132518092832599E-06
9.381428037400592E-06	0	9.374257701944184E-06
7.993631497613075E-06	0	7.994389148597615E-06
7.754080560307781E-06	0	7.754950493121988E-06
7.3167372913469485E-06	0	7.311475205313601E-06
6.141450202779659E-06	0	6.136647827318005E-06
5.60768410284916E-06	0	5.6099515680483225E-06
5.639955401996006E-06	0	5.636460801367222E-06
6.190083533916214E-06	0	6.189990097988003E-06
7.819080056607015E-06	0	7.818376492990848E-06
9.109360035311443E-06	0	9.107884484485008E-06
6.963363227055442E-06	0	6.962225464248785E-06
6.553492639297482E-06	0	6.555328516713772E-06
6.6906219818002165E-06	0	6.694931110764514E-06
7.44691689222028E-06	0	7.448381844124042E-06
5.926751026810685E-06	0	5.926950108139418E-06
6.1538513301373065E-06	0	6.155206136981329E-06
6.3608498537925506E-06	0	6.363577899936624E-06
6.386355709733739E-06	0	6.392307074545346E-06
6.6773086746768195E-06	0	6.678531012318568E-06
6.226176259807549E-06	0	6.223069573421159E-06
5.907065495661069E-06	0	5.9049953277013245E-06
5.541901915953563E-06	0	5.543154067524415E-06
8.79379539988896E-06	0	8.790654982484593E-06
8.510089805927002E-06	0	8.499073301628847E-06
8.136052942944684E-06	0	8.1343655239841E-06
8.045512334933736E-06	0	8.043684976524236E-06
8.860272598301645E-06	0	8.859734730628556E-06
7.1193223762061175E-06	0	7.118722303403092E-06
6.6951695211453065E-06	0	6.6940340336297155E-06
7.000976279325456E-06	0	6.999197132919789E-06
8.627306486829389E-06	0	8.633068769460528E-06
9.56410133219252E-06	0	9.567687181567819E-06
9.07473960538494E-06	0	9.072027760116685E-06
9.296042495911738E-06	0	9.296970437559793E-06
7.780719133317548E-06	0	7.782015348599413E-06
8.842794419702772E-06	0	8.846325435219262E-06
8.345487307607992E-06	0	8.342923438707875E-06
8.009515356513985E-06	0	8.008047830671873E-06
8.045798803753756E-06	0	8.043510873347915E-06
1.013118183041859E-05	0	1.0132083196048348E-05
1.3227309129985486E-05	0	1.3229104210148179E-05
1.4844339478402606E-05	0	1.484687703205077E-05
1.206848298265068E-05	0	1.2061916917370703E-05
1.2858959052089404E-05	0	1.2865340731938086E-05
1.4622982276886942E-05	0	1.4622447673894045E-05
1.5816821522008284E-05	0	1.5822505670300146E-05
1.7784428935043372E-05	0	1.7787560615695208E-05
1.7766903709397685E-05	0	1.777125186839119E-05
1.9856949275111812E-05	0	1.9848185431829712E-05
1.9888388101313914E-05	0	1.9886919792048996E-05
1.6339108230508303E-05	0	1.634040820330183E-05
1.6172174110938185E-05	0	1.6167252349757338E-05
1.5070124404599093E-05	0	1.5077445137086376E-05
1.1073776626765617E-05	0	1.1077801616712912E-05
1.0758628762191002E-05	0	1.0757704692726012E-05
1.0382406527130938E-05	0	1.0378266291346573E-05
8.375534411720958E-06	0	8.375768832337611E-06
9.395310732382032E-06	0	9.399374411464556E-06
8.599677487404261E-06	0	8.604981071457147E-06
9.984112118474218E-06	0	9.984463959969447E-06
8.207979124950698E-06	0	8.205874188369812E-06
6.853533542523554E-06	0	6.852968310569485E-06
8.632920520074616E-06	0	8.632666935110011E-06
9.304060524240694E-06	0	9.304149390038281E-06
7.451047283756019E-06	0	7.450935822017797E-06
6.291706874442726E-06	0	6.288812332799082E-06
7.2654964567706645E-06	0	7.268423544395952E-06
6.496219922606751E-06	0	6.493180702530678E-06
7.584999000727127E-06	0	7.584298618951168E-06
8.077855523164678E-06	0	8.079033331665636E-06
4.730297751362944E-06	0	4.733810606391564E-06
4.678156646332121E-06	0	4.679128718262937E-06
5.455553238362587E-06	0	5.459120040640652E-06
5.314557977243372E-06	0	5.318529468220656E-06
4.475548020816322E-06	0	4.473686607939242E-06
4.435585698587185E-06	0	4.435084299742053E-06
4.353919119990312E-06	0	4.353387406449982E-06
4.420531299137919E-06	0	4.418942307346529E-06
4.651966883001879E-06	0	4.6526875891434E-06
4.983769899106127E-06	0	4.98202842241503E-06
6.174964700070762E-06	0	6.1743932909780305E-06
6.222283257198901E-06	0	6.221463187458542E-06
5.702006730671149E-06	0	5.702653938022284E-06
5.505065511172058E-06	0	5.506001812091721E-06
4.966085634331352E-06	0	4.9687352561805895E-06
5.923685493850394E-06	0	5.920655401278629E-06
5.026868985572508E-06	0	5.027416343780799E-06
4.169698462247939E-06	0	4.168778471380652E-06
3.928948035251045E-06	0	3.92755389090339E-06
4.215831708637629E-06	0	4.2191567238947345E-06
4.853125632145938E-06	0	4.853098714796566E-06
3.787347538822044E-06	0	3.788010062022462E-06
4.92896025389134E-06	0	4.926274197802904E-06
4.284818200070211E-06	0	4.286245090742724E-06
3.184129876390501E-06	0	3.1834853900764124E-06
3.0566217235799328E-06	0	3.055566802256948E-06
2.953273066600348E-06	0	2.9499852978981497E-06
2.2681909439441813E-06	0	2.2700380467144507E-06
2.2061741039752E-06	0	2.2050052773399495E-06
2.2317638926660274E-06	0	2.229523844457526E-06
2.0671762064083162E-06	0	2.064686799416193E-06
1.586186657135313E-06	0	1.5849039434023935E-06
1.5624742629621099E-06	0	1.5622229229378501E-06
2.3039328266997224E-06	0	2.305678449603815E-06
2.353008910174542E-06	0	2.3518538882293214E-06
3.085347913017516E-06	0	3.083362005795048E-06
2.636824302015622E-06	0	2.6384837280506277E-06
3.0258765887356594E-06	0	3.026102671746533E-06
1.7196197947342683E-06	0	1.72085835875303E-06
1.804412794182515E-06	0	1.8037671244947148E-06
1.2978948006274037E-06	0	1.2973074300065665E-06
1.3009235965498033E-06	0	1.3015665634136362E-06
9.564770774162911E-07	0	9.56842799684787E-07
1.1728576243261787E-06	0	1.1722260476680732E-06
1.5841694015262305E-06	0	1.5826426148994707E-06
1.939520167318137E-06	0	1.939407596040371E-06
1.2197228298619408E-06	0	1.2200235918961963E-06
5.555126812576468E-07	0	5.549265887021368E-07
6.232772014750417E-07	0	6.229306556908396E-07
8.111864038399304E-07	0	8.119212719585986E-07
8.843251986382413E-07	0	8.842746183283898E-07
5.311349406537155E-07	0	5.313957320500604E-07
4.053756464531596E-07	0	4.0454656565700993E-07
3.339217866241747E-07	0	3.336728193408076E-07
4.86742971771625E-07	0	4.863723835561826E-07
3.392556540934063E-07	0	3.393281812001767E-07
3.7656272781883514E-07	0	3.7645472427961764E-07
2.1819089822384084E-07	0	2.1813209641065008E-07
3.045553084583038E-07	0	3.042967017918949E-07
4.874251253344283E-07	0	4.876917859525484E-07
6.021943088246103E-07	0	6.021946382772756E-07
2.7498754874891694E-07	0	2.744413919286812E-07
3.668673092709681E-07	0	3.6585340026652454E-07
2.3100565789738702E-07	0	2.3067995441329288E-07
1.7189523953526319E-07	0	1.721947598232296E-07
1.7315180646910143E-07	0	1.7293692506915566E-07
8.435701114701231E-08	0	8.407822536528027E-08
1.4822781923390892E-07	0	1.4766230497787998E-07
1.193375604930432E-07	0	1.1862442843014716E-07
1.252768227417208E-07	0	1.2487645471571636E-07
3.5222207837642613E-08	0	3.4988582570127675E-08
